url,title,description,h1,lead,service,category,country_hint,problems,fixes,errors,faq1_q,faq1_a,faq2_q,faq2_a,extra_html,noindex
/brands/nordvpn-android-setup-2025/,"NordVPN на Android: настройка и ошибки (2025)","Правильная установка NordVPN на Android: NordLynx/OpenVPN, обфускация, DNS, kill switch.","NordVPN на Android — полная настройка","Включите NordLynx для скорости, при блоках — OpenVPN TCP/443 и обфускация, задайте ручной DNS.","NordVPN на Android","other","Россия","Не подключается|Профиль VPN не появляется|Работает только по Wi-Fi|Медиа не грузится|Высокий пинг","NordLynx↔OpenVPN|TCP/443 при DPI|Obfuscated Servers|Kill Switch|DNS 1.1.1.1/8.8.8.8","AUTH FAILED|Timeout|DNS error|TLS handshake","Почему по мобильной сети хуже чем по Wi-Fi?","Операторы сильнее фильтруют мобильный трафик — помогает TCP/443 и обфускация.","Нужно ли держать автоподключение всегда?","Да для стабильности, но добавьте исключения для банковских приложений.",,"no"
/brands/nordvpn-macos-setup-2025/,"NordVPN на macOS: установка и фиксы (2025)","Как поставить NordVPN на macOS: разрешения, протоколы, split tunneling, DNS.","NordVPN на macOS — полная настройка","Выберите NordLynx, при DPI — OpenVPN TCP/443; проверьте разрешения и DNS.","NordVPN на macOS","other","Россия","Не коннектится|Нет интернета после подключения|DNS-утечки|403 на сайтах","NordLynx↔OpenVPN|TCP/443|Split tunneling|Сброс DNS (dscacheutil)|Смена узла","DNS_PROBE|Auth failed|Proxy detected|Handshake failed","Как проверить, что трафик идёт через VPN?","Сравните внешний IP и выполните traceroute.","Почему 403 на сайтах?","IP в бан-листах — смените город или страну.",,"no"
/brands/surfshark-android-setup-2025/,"Surfshark на Android: настройка и ошибки (2025)","Camouflage/NoBorders, WireGuard/OpenVPN, DNS и исключения приложений.","Surfshark на Android — полная настройка","Включите Camouflage/NoBorders, выберите ближние EU-узлы, настройте DNS и split tunneling.","Surfshark на Android","other","Россия","Не подключается|Сообщения и звонки тормозят|Работает только по Wi-Fi|DNS-ошибки","WireGuard↔OpenVPN|Camouflage/NoBorders|TCP/443|DNS 1.1.1.1|Split tunneling","Timeout|DNS error|Call failed|Reset","Чем Camouflage отличается от NoBorders?","Оба маскируют трафик; NoBorders подбирает узлы для сложных сетей.","Как снизить лаги в звонках?","Выберите ближний узел и закройте фоновые загрузки.",,"no"
/brands/surfshark-macos-setup-2025/,"Surfshark на macOS: установка и фиксы (2025)","Настройка Surfshark на Mac: протоколы, TCP/443, DNS, обход DPI, пермишены.","Surfshark на macOS — полная настройка","Переключите протоколы, используйте TCP/443 при DPI, исправьте DNS-утечки.","Surfshark на macOS","other","Россия","Не коннектится|Нет сети после коннекта|Буферизация|DNS-утечки","WireGuard↔OpenVPN|TCP/443|Очистка кэша/DNS|Разрешения в Security & Privacy","DNS_PROBE|Auth failed|Playback error|TLS","Нужен ли отдельный DNS на Mac?","Да, это снижает риск перехвата провайдером.","Можно ли исключить банковские сайты?","Через split tunneling в клиенте.",,"no"
/brands/expressvpn-android-setup-2025/,"ExpressVPN на Android: настройка и ошибки (2025)","Lightway/OpenVPN, обфускация, TCP/443, DNS и автоподключение.","ExpressVPN на Android — полная настройка","Используйте Lightway для скорости, при DPI — OpenVPN TCP/443 и другой город.","ExpressVPN на Android","other","Россия","Не подключается|Медиа не грузится|Звонки не проходят|Высокий пинг","Lightway↔OpenVPN|TCP/443|Обфускация|DNS 1.1.1.1|Auto-connect","Timeout|Call failed|DNS error|Handshake","Когда выбирать Lightway?","Если важна скорость и стабильность; при фильтрации — TCP/443.","Как улучшить звонки?","Ближний узел, 5 ГГц и нет фоновых загрузок.",,"no"
/brands/expressvpn-macos-setup-2025/,"ExpressVPN на macOS: установка и фиксы (2025)","Установка на Mac: Lightway/OpenVPN, TCP/443, DNS и разрешения драйвера.","ExpressVPN на macOS — полная настройка","Выберите Lightway, при блоках — OpenVPN TCP/443, проверьте сетевые разрешения.","ExpressVPN на macOS","other","Россия","Не стартует туннель|Нет интернета|DNS-утечки|Ошибка прокси","Lightway↔OpenVPN|TCP/443|Сброс DNS|Очистка кэша/перелогин|Смена локации","Proxy detected|DNS_PROBE|Auth failed|TLS","Как понять, что виноват DPI?","UDP рвётся, TCP/443 чаще проходит.","Что делать при прокси-ошибке?","Смените город/страну и очистите кэш/DNS.",,"no"
/brands/proton-vpn-android-setup-2025/,"Proton VPN на Android: настройка и ошибки (2025)","Secure Core, WireGuard/OpenVPN/IKEv2, NetShield и DNS.","Proton VPN на Android — полная настройка","Отключайте/включайте Secure Core по ситуации, выбирайте ближние EU-узлы, настройте DNS.","Proton VPN на Android","other","Россия","Не подключается|Медиа не грузится|Пинг скачет|DNS-ошибки","WireGuard/OpenVPN/IKEv2|Secure Core вкл/выкл|TCP/443|DNS 1.1.1.1","Timeout|DNS error|Auth failed|Reset","Secure Core держать всегда?","Только при жёсткой фильтрации — скорость падает.","NetShield мешает сайтам?","Редко, но отключите для теста.",,"no"
/brands/proton-vpn-macos-setup-2025/,"Proton VPN на macOS: установка и фиксы (2025)","Инсталляция на Mac: протоколы, Secure Core, TCP/443 и устранение DNS-утечек.","Proton VPN на macOS — полная настройка","Подберите протокол, при DPI — TCP/443, проверьте DNS и разрешения.","Proton VPN на macOS","other","Россия","Не коннектится|Нет сети|DNS-утечки|Ошибка прокси","WireGuard/OpenVPN/IKEv2|Secure Core вкл/выкл|TCP/443|Сброс DNS","DNS_PROBE|Proxy detected|Auth failed|TLS","Как подтвердить маршрут?","traceroute до публичного хоста до/после подключения.","Почему прокси-ошибка?","Диапазон IP в бан-листе — смените город/страну.",,"no"
/brands/cyberghost-android-setup-2025/,"CyberGhost на Android: настройка и ошибки (2025)","WireGuard/OpenVPN, TCP/443, выбор EU-локаций, DNS и разделение трафика.","CyberGhost на Android — полная настройка","Включите TCP/443 при DPI, выберите DE/NL/RO и задайте DNS вручную.","CyberGhost на Android","other","Россия","Не подключается|Медленно|Работает только по Wi-Fi|DNS-сбой","WireGuard↔OpenVPN|TCP/443|DE/NL/RO|DNS 1.1.1.1/8.8.8.8|Split tunneling","Timeout|DNS error|Auth failed|Reset","Нужны ли «стриминговые» серверы?","Иногда помогают, но при банах меняйте города.","Как снизить расход батареи?","NordLynx/WG и ближний узел обычно экономнее.",,"no"
/brands/cyberghost-macos-setup-2025/,"CyberGhost на macOS: установка и фиксы (2025)","Настройка на Mac: протоколы, TCP/443, DNS, разрешения и прокси-ошибки.","CyberGhost на macOS — полная настройка","Подбирайте протокол, чистите кэш/DNS, меняйте локации при прокси-ошибках.","CyberGhost на macOS","other","Россия","Не коннектится|Нет интернета|DNS-утечки|Proxy detected","WireGuard/OpenVPN|TCP/443|Сброс DNS|Очистка кэша/перелогин|Смена города","DNS_PROBE|Proxy detected|Auth|TLS","Почему 403 на сайтах?","Общие IP в бан-листах — меняйте города/страны.","Поможет ли TCP/443?","Да, чаще проходит DPI.",,"no"
/brands/private-internet-access-android-setup-2025/,"PIA на Android: настройка и ошибки (2025)","Обфускация/Shadowsocks, порты 443/1194, WireGuard/OpenVPN, DNS.","PIA на Android — полная настройка","Включите обфускацию, подберите порт и протокол, задайте DNS и исключения.","PIA на Android","other","Россия","Не подключается|Сообщения не уходят|Высокий пинг|DNS-ошибки","WireGuard↔OpenVPN|Обфускация/Shadowsocks|Порты 443/1194|DNS 1.1.1.1|Split tunneling","Timeout|DNS error|Auth failed|Loss","Нужен ли Port Forward на телефоне?","Для мессенджеров не обязателен, он для p2p.","Как стабилизировать связь?","Фиксируйте рабочий узел в избранном.",,"no"
/brands/private-internet-access-macos-setup-2025/,"PIA на macOS: установка и фиксы (2025)","Установка PIA: обфускация, порты, TCP/443, DNS, устранение утечек.","PIA на macOS — полная настройка","Включайте обфускацию при DPI, используйте TCP/443 и проверьте DNS-утечки.","Private Internet Access на macOS","other","Россия","Не коннектится|Нет сети|DNS-утечки|Proxy detected","Обфускация/Shadowsocks|Порты 443/1194|TCP/443|Сброс DNS|Смена локации","DNS_PROBE|Proxy|Auth|TLS","Когда переходить на TCP?","Если UDP режется или рвётся связь.","Как исключить банки/локальные сайты?","Через split tunneling в клиенте.",,"no"
/brands/windscribe-android-setup-2025/,"Windscribe на Android: настройка и ошибки (2025)","Stealth/Firewall, WireGuard/OpenVPN, DNS и раздельный трафик.","Windscribe на Android — полная настройка","Включите Stealth и Firewall при DPI, настройте DNS и исключения приложений.","Windscribe на Android","other","Россия","Cannot resolve host|Медленно|Соединение рвётся|Звонки не идут","WireGuard↔OpenVPN|Stealth/Firewall|TCP/443|DNS 1.1.1.1|Split tunneling","DNS|Timeout|Reset|Auth","Нужен ли Firewall в клиенте?","Иногда помогает обойти DPI и утечки.","Как найти «чистый» IP?","Меняйте города и очищайте DNS-кеш.",,"no"
/brands/windscribe-macos-setup-2025/,"Windscribe на macOS: установка и фиксы (2025)","Настройка Windscribe: Stealth, TCP/443, DNS, устранение прокси-ошибок.","Windscribe на macOS — полная настройка","Включайте Stealth/TCP при DPI, очищайте кэш/DNS и меняйте локации.","Windscribe на macOS","other","Россия","Не подключается|DNS-утечки|Proxy detected|Падение скорости","Stealth|TCP/443|Сброс DNS|Очистка кэша|Смена города","Proxy|DNS_PROBE|TLS|Low speed","Почему скорость упала?","Stealth и TCP/443 медленнее — выбирайте ближний узел.","Можно ли оставить локалку?","Через split tunneling/правила маршрутизации.",,"no"
/brands/mullvad-android-setup-2025/,"Mullvad на Android: настройка и ошибки (2025)","WireGuard/OpenVPN, Bridge/обфускация, DNS и ключи.","Mullvad на Android — полная настройка","Создайте ключ WG, при DPI включите Bridge, задайте DNS, выберите ближние узлы.","Mullvad на Android","other","Россия","Не подключается|Высокий пинг|Медиа не грузится|DNS-сбой","WireGuard↔OpenVPN|Bridge/обфускация|TCP/443|DNS 1.1.1.1/8.8.8.8","Timeout|DNS error|Auth failed|Loss","Всегда включать Bridge?","Только при фильтрации — иначе теряете скорость.","Как выбрать сервер?","Ориентируйтесь на пинг и загрузку узла.",,"no"
/brands/mullvad-macos-setup-2025/,"Mullvad на macOS: установка и фиксы (2025)","Настройка на Mac: WG-ключи, Bridge, TCP/443, DNS, разрешения.","Mullvad на macOS — полная настройка","Импортируйте ключи, включите Bridge при необходимости, проверьте DNS и маршрутизацию.","Mullvad на macOS","other","Россия","Не коннектится|Нет сети|DNS-утечки|Proxy detected","WireGuard/OpenVPN|Bridge|TCP/443|Сброс DNS|Смена локации","DNS_PROBE|Proxy|Auth|TLS","Нужен ли мультихоп?","Устойчивее, но медленнее — тестируйте.","Как автоматизировать переподключение?","Скрипт мониторинга пинга и перезапуск клиента.",,"no"
/brands/ipvanish-android-setup-2025/,"IPVanish на Android: настройка и ошибки (2025)","Scramble/обфускация, WireGuard/OpenVPN, TCP/443, DNS.","IPVanish на Android — полная настройка","Активируйте Scramble, используйте TCP/443 при DPI, настройте DNS и исключения.","IPVanish на Android","other","Россия","Не подключается|Лоссы|Нет звонков|DNS-ошибки","WireGuard↔OpenVPN|Scramble|TCP/443|DNS 1.1.1.1/8.8.8.8|Split tunneling","Timeout|DNS|Auth|Loss","Зачем Scramble?","Маскирует OpenVPN под HTTPS, помогает в жёстких сетях.","Как снизить лоссы?","Подберите MTU и ближний узел.",,"no"
/brands/ipvanish-macos-setup-2025/,"IPVanish на macOS: установка и фиксы (2025)","Настройка на Mac: Scramble, TCP/443, DNS и устранение прокси-ошибок.","IPVanish на macOS — полная настройка","Включите Scramble/TCP при DPI, очистите кэш/DNS, меняйте города.","IPVanish на macOS","other","Россия","Не коннектится|DNS-утечки|Proxy detected|Падение скорости","OpenVPN/WireGuard|Scramble|TCP/443|Сброс DNS|Смена локации","Proxy|DNS_PROBE|TLS|Low speed","Нужен ли WG на Mac?","Да для скорости; при DPI — OpenVPN-TCP.","Как держать стабильность?","Фиксируйте 1–2 проверенных узла в избранном.",,"no"
/brands/hotspot-shield-android-setup-2025/,"Hotspot Shield на Android: настройка и ошибки (2025)","Hydra/OpenVPN, TCP/443, DNS, автостарт и исключения приложений.","Hotspot Shield на Android — полная настройка","Используйте Hydra для скорости, при DPI — OpenVPN TCP/443, настройте DNS.","Hotspot Shield на Android","other","Россия","Не подключается|Медленно|Нет звонков|DNS-сбой","Hydra↔OpenVPN|TCP/443|DNS 1.1.1.1|Auto-connect|Split tunneling","Timeout|DNS|Auth|Reset","Hydra быстрее всегда?","Чаще да, но при DPI лучше TCP/443.","Как улучшить качество связи?","Ближний узел и минимум фоновой нагрузки.",,"no"
/brands/hotspot-shield-macos-setup-2025/,"Hotspot Shield на macOS: установка и фиксы (2025)","Настройка на Mac: Hydra/OVPN, TCP/443, DNS и устранение прокси-ошибок.","Hotspot Shield на macOS — полная настройка","Переключите протокол, включите TCP/443, очистите кэш/DNS и смените локацию.","Hotspot Shield на macOS","other","Россия","Не коннектится|Proxy detected|DNS-утечки|Слабая скорость","Hydra↔OpenVPN|TCP/443|Сброс DNS|Очистка кэша|Смена города","Proxy|DNS_PROBE|TLS|Low speed","Почему прокси-ошибка?","Общие IP попали в списки — меняйте города/страны.","Нужен ли отдельный DNS?","Да, снижает риск утечек.",,"no"
/brands/vyprvpn-android-setup-2025/,"VyprVPN на Android: настройка и ошибки (2025)","Chameleon, OpenVPN/WireGuard, TCP/443, DNS и kill switch.","VyprVPN на Android — полная настройка","Включите Chameleon при DPI, используйте TCP/443 и ближние EU-узлы.","VyprVPN на Android","other","Россия","Не подключается|Пинг скачет|Медиа не грузится|DNS-сбой","Chameleon|OpenVPN/WireGuard|TCP/443|DNS 1.1.1.1|Kill Switch","Timeout|DNS|Auth|Loss","Всегда ли нужен Chameleon?","Только при фильтрации — без него скорость выше.","Какие страны лучше?","NL/DE/CH, запас — CZ/FI.",,"no"
/brands/vyprvpn-macos-setup-2025/,"VyprVPN на macOS: установка и фиксы (2025)","Настройка на Mac: Chameleon/OVPN, TCP/443, DNS и устранение ошибок.","VyprVPN на macOS — полная настройка","Подбирайте протокол, включайте Chameleon при DPI, проверяйте DNS.","VyprVPN на macOS","other","Россия","Не коннектится|DNS-утечки|Proxy detected|Слабая скорость","Chameleon|OpenVPN/WireGuard|TCP/443|Сброс DNS|Смена локации","Proxy|DNS_PROBE|TLS|Low speed","Когда переходить на TCP/443?","Если UDP режется или нестабилен.","Как ускорить?","Проводной интернет и ближний узел.",,"no"
/brands/tunnelbear-android-setup-2025/,"TunnelBear на Android: настройка и ошибки (2025)","GhostBear, выбор локаций, TCP-режим и DNS на Android.","TunnelBear на Android — полная настройка","Включите GhostBear при блоках, попробуйте TCP-режим, задайте DNS.","TunnelBear на Android","other","Россия","Не подключается|Работает только по Wi-Fi|Медиа не идёт|Пинг высокий","Протокол клиента|GhostBear|TCP режим (если доступно)|DNS 1.1.1.1/8.8.8.8","Timeout|DNS|Auth|Reset","GhostBear держать всегда?","Нет, только в сложных сетях.","Хватает ли бесплатного лимита?","Для переписки да, для видео — впритык.",,"no"
/brands/tunnelbear-macos-setup-2025/,"TunnelBear на macOS: установка и фиксы (2025)","Установка на Mac: GhostBear, TCP-режим, DNS и устранение сбоев.","TunnelBear на macOS — полная настройка","Включите GhostBear при DPI, очистите кэш/DNS и меняйте города.","TunnelBear на macOS","other","Россия","Не коннектится|DNS-утечки|Proxy detected|Скорость падает","GhostBear|TCP режим|Сброс DNS|Очистка кэша|Смена локации","Proxy|DNS_PROBE|TLS|Low speed","Почему «Proxy detected»?","Общие IP — меняйте города/страны.","Можно ли оставить часть трафика вне VPN?","Да, через split tunneling.",,"no"
/brands/atlas-vpn-android-setup-2025/,"Atlas VPN на Android: настройка и ошибки (2025)","Обфускация, WireGuard/OpenVPN, TCP/443, DNS и исключения.","Atlas VPN на Android — полная настройка","Включите обфускацию, используйте TCP/443, выберите ближние EU-узлы, задайте DNS.","Atlas VPN на Android","other","Россия","Не подключается|Высокий пинг|Медиа не грузится|DNS-ошибки","WireGuard↔OpenVPN|Обфускация|TCP/443|DNS 1.1.1.1|Split tunneling","Timeout|DNS|Auth|Reset","Когда включать обфускацию?","При DPI/фильтрации, иначе лучше скорость без неё.","Как ускорить соединение?","Кабель/5 ГГц и ближний узел.",,"no"
/brands/atlas-vpn-macos-setup-2025/,"Atlas VPN на macOS: установка и фиксы (2025)","Настройка на Mac: протоколы, TCP/443, DNS, устранение прокси-ошибок.","Atlas VPN на macOS — полная настройка","Переключите протоколы, включите TCP/443, очистите кэш и DNS, смените города.","Atlas VPN на macOS","other","Россия","Не коннектится|Proxy detected|DNS-утечки|Слабая скорость","OpenVPN/WireGuard|TCP/443|Сброс DNS|Очистка кэша|Смена локации","Proxy|DNS_PROBE|TLS|Low speed","Почему прокси-ошибка?","IP в списках — помогают смена города и чистка кэша.","Нужен ли отдельный DNS?","Да, снижает риск утечек.",,"no"
/brands/hide-me-android-setup-2025/,"Hide.me на Android: настройка и ошибки (2025)","Stealth Guard, WireGuard/OpenVPN/IKEv2, TCP/443 и DNS.","Hide.me на Android — полная настройка","Включите Stealth Guard при утечках, подберите протокол и задайте DNS.","Hide.me на Android","other","Россия","Не подключается|Работает только по Wi-Fi|DNS-утечки|Пинг скачет","WireGuard/OpenVPN/IKEv2|Stealth Guard|TCP/443|DNS 1.1.1.1/8.8.8.8","Auth|Timeout|DNS leak|Reset","Держать Stealth Guard всегда?","При блоках/утечках — да; иначе можно выключать.","Как проверить утечки?","Через тесты DNS/WebRTC после подключения.",,"no"
/brands/hide-me-macos-setup-2025/,"Hide.me на macOS: установка и фиксы (2025)","Stealth Guard на Mac, TCP/443, DNS и исключения трафика.","Hide.me на macOS — полная настройка","Включите Stealth Guard, используйте TCP/443 и настройте split tunneling.","Hide.me на macOS","other","Россия","Не коннектится|DNS-утечки|Proxy detected|Низкая скорость","OpenVPN/WireGuard|Stealth Guard|TCP/443|Сброс DNS|Исключения трафика","Proxy|DNS_PROBE|TLS|Low speed","Можно ли оставить банки вне VPN?","Да, через split tunneling.","Почему часть сайтов не открывается?","Из-за DNS/гео — смените DNS и локацию.",,"no"
/brands/privatevpn-android-setup-2025/,"PrivateVPN на Android: настройка и ошибки (2025)","Stealth VPN, WireGuard/OpenVPN, TCP/443, DNS и исключения.","PrivateVPN на Android — полная настройка","Включите Stealth VPN при DPI, выберите ближние EU-узлы и задайте DNS.","PrivateVPN на Android","other","Россия","Не подключается|Медиа не грузится|Высокий пинг|DNS-сбой","WireGuard↔OpenVPN|Stealth VPN|TCP/443|DNS 1.1.1.1|Split tunneling","Timeout|DNS|Auth|Reset","Нужен ли Stealth всегда?","Нет, только при фильтрации — без него быстрее.","Как выбрать узел для звонков?","Ближний EU с наименьшим пингом.",,"no"
/brands/privatevpn-macos-setup-2025/,"PrivateVPN на macOS: установка и фиксы (2025)","Stealth, TCP/443, DNS, устранение прокси-ошибок на Mac.","PrivateVPN на macOS — полная настройка","Переключите протокол, включите Stealth/TCP при DPI, очистите кэш/DNS.","PrivateVPN на macOS","other","Россия","Не коннектится|Proxy detected|DNS-утечки|Падение скорости","OpenVPN/WireGuard|Stealth|TCP/443|Сброс DNS|Смена города","Proxy|DNS_PROBE|TLS|Low speed","Почему прокси-ошибка?","Общие IP — меняйте города/страны.","Как удержать скорость?","Провод и ближний узел.",,"no"
/brands/hma-android-setup-2025/,"HMA на Android: настройка и ошибки (2025)","IP Shuffle, WireGuard/OpenVPN, TCP/443 и ручной DNS.","HMA на Android — полная настройка","Включите IP Shuffle, используйте TCP/443, задайте DNS и split tunneling.","HMA на Android","other","Россия","Не подключается|403 на сайтах|DNS-сбои|Пинг высокий","OpenVPN/WireGuard|IP Shuffle|TCP/443|DNS 1.1.1.1/8.8.8.8|Split tunneling","Proxy/403|DNS|Auth|Timeout","Зачем IP Shuffle?","Чаще сменяет IP и снижает шанс блокировок.","Влияет ли на сессии?","Да, может разрывать — учитывайте.",,"no"
/brands/hma-macos-setup-2025/,"HMA на macOS: установка и фиксы (2025)","Настройка на Mac: IP Shuffle, TCP/443, DNS и устранение 403/прокси-ошибок.","HMA на macOS — полная настройка","Включите TCP/443, при банах — IP Shuffle, почистите кэш и DNS.","HMA на macOS","other","Россия","Proxy detected|403|DNS-утечки|Низкая скорость","OpenVPN/WireGuard|IP Shuffle|TCP/443|Сброс DNS|Очистка кэша","Proxy|403|DNS_PROBE|Low speed","Почему часто 403?","Диапазоны IP попадают в списки — меняйте города.","Как ускорить загрузку?","Кабель/5 ГГц и ближний узел.",,"no"
/brands/strongvpn-android-setup-2025/,"StrongVPN на Android: настройка и ошибки (2025)","Scramble, WireGuard/OpenVPN, TCP/443, DNS и исключения.","StrongVPN на Android — полная настройка","Активируйте Scramble при DPI, используйте TCP/443, настройте DNS.","StrongVPN на Android","other","Россия","Не подключается|Звонки рвутся|Медиа не грузится|DNS-ошибки","WireGuard↔OpenVPN|Scramble|TCP/443|DNS 1.1.1.1|Split tunneling","Timeout|DNS|Auth|Reset","Когда включать Scramble?","При фильтрации, иначе держите выключенным ради скорости.","Как стабилизировать туннель?","Понизьте MTU и зафиксируйте рабочий узел.",,"no"
/brands/strongvpn-macos-setup-2025/,"StrongVPN на macOS: установка и фиксы (2025)","Scramble/OVPN, TCP/443, DNS и устранение прокси-ошибок на Mac.","StrongVPN на macOS — полная настройка","Включите Scramble/TCP при DPI, очистите кэш/DNS, смените города.","StrongVPN на macOS","other","Россия","Не коннектится|Proxy detected|DNS-утечки|Падение скорости","OpenVPN/WireGuard|Scramble|TCP/443|Сброс DNS|Очистка кэша","Proxy|DNS_PROBE|TLS|Low speed","Можно ли исключить игровые сервисы?","Да, через split tunneling.","Почему скорость низкая?","Дальний узел/UDP режется — выберите ближний и TCP/443.",,"no"
/brands/norton-secure-vpn-android-setup-2025/,"Norton Secure VPN на Android: настройка и ошибки (2025)","Split tunneling, выбор протокола, TCP/443, DNS и устранение сбоев.","Norton Secure VPN на Android — полная настройка","Проверьте split tunneling, переключите протокол, включите TCP/443 и DNS.","Norton Secure VPN на Android","other","Россия","Не подключается|Нет звонков|Медиа не грузится|DNS-сбои","Протокол клиента|Split tunneling|TCP/443|DNS 1.1.1.1/8.8.8.8","Timeout|DNS|Auth|Reset","Может мешать антивирус?","Да — временно отключите веб-щит при отладке.","Какие страны выбрать?","NL/DE/FR и разные города.",,"no"
/brands/norton-secure-vpn-macos-setup-2025/,"Norton Secure VPN на macOS: установка и фиксы (2025)","Инсталляция на Mac: split tunneling, TCP/443, DNS и устранение 403/прокси.","Norton Secure VPN на macOS — полная настройка","Включите TCP/443, настройте исключения, очистите кэш/DNS, меняйте города.","Norton Secure VPN на macOS","other","Россия","Proxy detected|403|DNS-утечки|Низкая скорость","Split tunneling|TCP/443|Сброс DNS|Очистка кэша|Смена локации","Proxy|403|DNS_PROBE|Low speed","Как оставить банки вне VPN?","Добавьте домены/приложения в исключения.","Почему сайты не грузятся?","IP забанен или DNS ломает — смените узел и DNS.",,"no"
/brands/avast-secureline-android-setup-2025/,"Avast SecureLine на Android: настройка и ошибки (2025)","OVPN/WG, TCP/443, DNS, исключения и устранение конфликтов с защитой.","Avast SecureLine на Android — полная настройка","Смените протокол, включите TCP/443, задайте DNS и настройте split tunneling.","Avast SecureLine на Android","other","Россия","Не подключается|403|Работает только по Wi-Fi|DNS-сбои","OpenVPN/WireGuard|TCP/443|DNS 1.1.1.1/8.8.8.8|Split tunneling","Proxy/403|DNS|Auth|Timeout","Конфликтует с антивирусом?","Да — временно отключите сетевые фильтры.","Какие локации брать?","Ближние EU — NL/DE/CZ.",,"no"
/brands/avast-secureline-macos-setup-2025/,"Avast SecureLine на macOS: установка и фиксы (2025)","Настройка на Mac: TCP/443, DNS, пермишены, устранение прокси-ошибок.","Avast SecureLine на macOS — полная настройка","Включите TCP/443, очистите кэш/DNS, проверьте разрешения и смените города.","Avast SecureLine на macOS","other","Россия","Proxy detected|DNS-утечки|Нет сети|Слабая скорость","OpenVPN/WireGuard|TCP/443|Сброс DNS|Очистка кэша|Смена локации","Proxy|DNS_PROBE|TLS|Low speed","Почему часто 403?","IP-пулы в списках — меняйте города/страны.","Как ускорить старт?","Автологин и ближний узел.",,"no"
/brands/opera-vpn-android-setup-2025/,"Opera VPN на Android: настройка и ошибки (2025)","Почему встроенный VPN в Opera блокируют и чем заменить на Android.","Opera VPN на Android — варианты","Поставьте отдельный VPN-клиент с обфускацией и EU-узлами, настройте DNS.","Opera VPN на Android","other","Россия","Не подключается|Медленно|Proxy limit|DNS-ошибки","Полноценный VPN-клиент|TCP/443|Обфускация|DNS 1.1.1.1|Split tunneling","Proxy limit|DNS|Timeout|Reset","Opera VPN — полноценный VPN?","Нет, это браузерный прокси, его часто банят.","Что использовать вместо?","Любой клиент с OpenVPN-TCP/443 или обфускацией.",,"no"
/brands/opera-vpn-macos-setup-2025/,"Opera VPN на macOS: установка и фиксы (2025)","Если Opera VPN не спасает на Mac: альтернативные клиенты, TCP/443, DNS.","Opera VPN на macOS — варианты","Ставьте отдельный VPN-клиент, включайте TCP/443, чистите кэш/DNS.","Opera VPN на macOS","other","Россия","Proxy detected|Video unavailable|DNS-сбои|Медленно","Полноценный VPN-клиент|TCP/443|Очистка кэша/DNS|Смена локации","Proxy|Playback|DNS|Low speed","Можно оставить Opera для серфинга?","Да, а видео/банки — через приложение-VPN.","Какие бренды подходят?","Смотрите каталог /brands/ с EU-узлами.",,"no"
/brands/keepsolid-vpn-unlimited-android-setup-2025/,"KeepSolid VPN Unlimited на Android: настройка и ошибки (2025)","KeepSolid Wise, TCP/443, протоколы и DNS на Android.","KeepSolid VPN Unlimited на Android — полная настройка","Включите Wise при DPI, используйте TCP/443 и задайте DNS.","KeepSolid VPN Unlimited на Android","other","Россия","Не подключается|Пинг скачет|Медиа не грузится|DNS-сбои","Wise/OVPN/WireGuard|TCP/443|DNS 1.1.1.1/8.8.8.8|Split tunneling","Timeout|DNS|Auth|Reset","Всегда ли нужен Wise?","Только при фильтрации — без него быстрее.","Какие локации выбрать?","NL/DE/PL и разные города.",,"no"
/brands/keepsolid-vpn-unlimited-macos-setup-2025/,"KeepSolid VPN Unlimited на macOS: установка и фиксы (2025)","Wise на Mac, TCP/443, DNS, устранение прокси-ошибок.","KeepSolid VPN Unlimited на macOS — полная настройка","Активируйте Wise/TCP при DPI, очистите кэш/DNS и смените узлы.","KeepSolid VPN Unlimited на macOS","other","Россия","Proxy detected|DNS-утечки|Нет сети|Низкая скорость","Wise/OVPN/WireGuard|TCP/443|Сброс DNS|Очистка кэша|Смена локации","Proxy|DNS_PROBE|TLS|Low speed","Почему прокси-ошибка?","Диапазон IP в списках — меняйте города.","Как удержать скорость?","Провод/5 ГГц и ближний узел.",,"no"
/brands/zenmate-android-setup-2025/,"ZenMate на Android: настройка и ошибки (2025)","WireGuard/OpenVPN, TCP/443, DNS и исключения приложений.","ZenMate на Android — полная настройка","Переключайте протоколы, используйте TCP/443, задайте DNS и split tunneling.","ZenMate на Android","other","Россия","Не подключается|Работает только по Wi-Fi|DNS-сбой|Пинг высокий","WireGuard↔OpenVPN|TCP/443|DNS 1.1.1.1/8.8.8.8|Split tunneling","Timeout|DNS|Auth|Reset","Стоит ли использовать расширение браузера?","Лучше приложение — расширения блокируют чаще.","Как снизить задержку?","Ближний узел и 5 ГГц.",,"no"
/brands/zenmate-macos-setup-2025/,"ZenMate на macOS: установка и фиксы (2025)","Настройка на Mac: TCP/443, DNS, пермишены и прокси-ошибки.","ZenMate на macOS — полная настройка","Включите TCP/443, очистите кэша/DNS, меняйте города при ошибках прокси.","ZenMate на macOS","other","Россия","Proxy detected|DNS-утечки|Нет сети|Слабая скорость","OpenVPN/WireGuard|TCP/443|Сброс DNS|Очистка кэша|Смена локации","Proxy|DNS_PROBE|TLS|Low speed","Почему «Proxy detected»?","Общие IP в списках — меняйте города/страны.","Как ускорить?","Проводной интернет и ближний узел.",,"no"
/brands/privadovpn-android-setup-2025/,"PrivadoVPN на Android: настройка и ошибки (2025)","WireGuard/OpenVPN, TCP/443, DNS и исключения, работа на бесплатном тарифе.","PrivadoVPN на Android — полная настройка","Переключайте протоколы, используйте TCP/443, настройте DNS и split tunneling.","PrivadoVPN на Android","other","Россия","Не подключается|Лимит трафика|DNS-сбои|Пинг высокий","WireGuard↔OpenVPN|TCP/443|DNS 1.1.1.1/8.8.8.8|Split tunneling","Timeout|DNS|Auth|Reset","Хватает ли бесплатного тарифа?","Для переписки — да; для видео может не хватить.","Как выбрать узел?","Ближние EU и разные города.",,"no"
/brands/privadovpn-macos-setup-2025/,"PrivadoVPN на macOS: установка и фиксы (2025)","Настройка на Mac: TCP/443, DNS, устранение прокси-ошибок и лимитов.","PrivadoVPN на macOS — полная настройка","Включите TCP/443, очистите кэш/DNS, меняйте города при банах IP.","PrivadoVPN на macOS","other","Россия","Proxy detected|DNS-утечки|Низкая скорость|Нет сети","OpenVPN/WireGuard|TCP/443|Сброс DNS|Очистка кэша|Смена локации","Proxy|DNS_PROBE|TLS|Low speed","Нужен ли SOCKS5?","Для обычного серфинга — нет, лучше прямой VPN.","Как удержать скорость?","Провод/5 ГГц и ближний сервер.",,"no"
/brands/f-secure-freedome-android-setup-2025/,"F-Secure FREEDOME на Android: настройка и ошибки (2025)","Протокол клиента, TCP/443, DNS, отключение конфликтующих модулей защиты.","FREEDOME на Android — полная настройка","Проверьте модули защиты, включите TCP/443 и задайте ручной DNS.","F-Secure FREEDOME на Android","other","Россия","Не подключается|DNS-сбои|Медиа не грузится|Пинг высокий","Протокол клиента|TCP/443|DNS 1.1.1.1/8.8.8.8|Отключить лишние фильтры","Timeout|DNS|Auth|Reset","Мешают ли защитные модули?","Да — временно выключите веб-щит/antitracker.","Какие узлы выбрать?","Ближние EU с низким пингом.",,"no"
/brands/f-secure-freedome-macos-setup-2025/,"F-Secure FREEDOME на macOS: установка и фиксы (2025)","Настройка на Mac: TCP/443, DNS, исключения и устранение прокси-ошибок.","FREEDOME на macOS — полная настройка","Отключите конфликтующие фильтры, включите TCP/443, смените локации.","F-Secure FREEDOME на macOS","other","Россия","Proxy detected|DNS-утечки|Нет сети|403","Протокол клиента|TCP/443|Сброс DNS|Очистка кэша|Смена города","Proxy|DNS_PROBE|TLS|403","Можно ли оставить антивирус включённым?","Да, но добавьте исключения для VPN-клиента.","Почему 403?","IP в списках — смените город/страну и очистите кэш.",,"no"
/brands/bitdefender-vpn-android-setup-2025/,"Bitdefender VPN на Android: настройка и ошибки (2025)","OVPN/WG, TCP/443, DNS и совместимость с защитными модулями Bitdefender.","Bitdefender VPN на Android — полная настройка","Смените протокол, проверьте фильтры защиты, включите TCP/443 и DNS.","Bitdefender VPN на Android","other","Россия","Не подключается|DNS-сбои|Медиа не грузится|Пинг высокий","OpenVPN/WireGuard|TCP/443|DNS 1.1.1.1/8.8.8.8|Отключить сетевой щит для теста","Timeout|DNS|Auth|Reset","Может мешать антивирус?","Иногда — временно отключите сетевой щит.","Как выбрать узел?","Ближний и менее загруженный EU.",,"no"
/brands/bitdefender-vpn-macos-setup-2025/,"Bitdefender VPN на macOS: установка и фиксы (2025)","Настройка на Mac: TCP/443, DNS, снятие конфликтов с Bitdefender и прокси-ошибок.","Bitdefender VPN на macOS — полная настройка","Включите TCP/443, очистите кэша/DNS, настройте исключения в безопасности.","Bitdefender VPN на macOS","other","Россия","Proxy detected|DNS-утечки|Нет сети|Низкая скорость","OpenVPN/WireGuard|TCP/443|Сброс DNS|Очистка кэша|Исключения в безопасности","Proxy|DNS_PROBE|TLS|Low speed","Почему стриминг ругается на прокси?","Общие IP — меняйте города/страны.","Как добиться стабильной скорости?","Проводной интернет и ближний узел.",,"no"
